var,est
beta_constant,-6.434236939751745
beta_hpwt,2.1726458338182493
beta_air,1.5505615058305933
beta_mpd,-0.06041649768599644
beta_size,3.9860861520482658
gamma_constant,1.6786455475718185
gamma_ln_hpwt,0.5410006969376653
gamma_air,0.8133947694566785
gamma_ln_mpg,-0.16309189795361334
gamma_ln_size,-0.10922378677199163
gamma_trend,0.008518412844177092
