var,est
alpha_price,43.42198328371228
sigma_constant,3.5052768880433303
sigma_hpwt,0.5106062830826514
sigma_air,5.244674080971841
sigma_mpd,1.004193993639977
sigma_size,0.46154857198507626
