var,est
alpha_price,43.775146027731616
sigma_constant,4.172404587847138
sigma_hpwt,4.65693348057205
sigma_air,1.3468259922654233
sigma_mpd,0.613179088513379
sigma_size,1.1342770361314058
